{"mosaicjson":"0.0.3","version":"1.0.0","minzoom":9,"maxzoom":12,"quadkey_zoom":9,"bounds":[-117.19773367251135,50.19386902261471,-116.26013039328576,51.16389512140189],"center":[-116.72893203289856,50.67888207200831,0],"tiles":{"":["s3://maap-ops-workspace/shared/alexdevseed/landsat8/viz/Landsat8_30542_comp_cog_2015-2020_dps.tif","s3://maap-ops-workspace/shared/alexdevseed/landsat8/viz/Landsat8_30543_comp_cog_2015-2020_dps.tif","s3://maap-ops-workspace/shared/alexdevseed/landsat8/viz/Landsat8_30822_comp_cog_2015-2020_dps.tif","s3://maap-ops-workspace/shared/alexdevseed/landsat8/viz/Landsat8_30823_comp_cog_2015-2020_dps.tif"]}}